Index,User Id,First Name,Last Name,Sex,Email,Phone,Date of birth,Job Title
2,3d5AD30A4cD38ed,Jo,Rivers,Female,fergusonkatherine@example.net,+1-950-759-8687,1931-07-26,Dancer
5,9afFEafAe1CBBB9,Lindsey,Rice,Female,elin@example.net,(390)417-1635x3010,1923-04-15,Biomedical engineer
6,aF75e6dDEBC5b66,Sherry,Caldwell,Male,kaitlin13@example.net,8537800927,1917-08-06,Higher education lecturer
31,f67cb59Eea96a23,Dakota,Gomez,Male,jadecollier@example.com,(291)853-7982x0123,1914-11-26,Insurance broker
32,94c6aF7DEe2Ad7A,Nathaniel,Clarke,Female,george75@example.org,(984)863-5741x7054,1910-11-23,Information systems manager
37,b00f07E8F6Ecf6e,Seth,Hess,Male,ebranch@example.net,600-706-8696x839,1910-02-21,Claims inspector/assessor
40,DFAB00C01CcF860,Angela,Huff,Male,anitamckenzie@example.net,(116)776-0713x4684,1922-09-16,"Pilot, airline"
43,ddd2B9CcEBEe00E,Rachael,Herrera,Male,msummers@example.net,+1-833-716-3269x028,1927-05-04,Armed forces technical officer
44,355e6511Fa0ff55,Vincent,Berger,Female,shannonrandy@example.org,+1-262-558-4739,1907-12-16,"Psychologist, educational"
49,EbD7AF6EDF4831e,Chloe,Ramirez,Female,tblack@example.net,355-371-5885x826,1907-07-28,"Psychotherapist, dance movement"
52,DfBDc3621D4bcec,Joshua,Carey,Female,dianashepherd@example.net,001-274-739-8470x814,1915-01-07,Seismic interpreter
53,f55b0A249f5E44D,Rickey,Hobbs,Female,ingramtiffany@example.org,241.179.9509x498,1910-07-01,Barrister
63,11Ae1fbab4076b2,Yesenia,Harding,Male,robertablackburn@example.com,(752)468-1821x6065,1906-10-28,"Nurse, mental health"
88,EAE9F073c808ccc,Jordan,Long,Male,scottspence@example.com,+1-275-728-6459,1913-01-21,Publishing rights manager
90,1187FDb1d7C98B0,Bethany,Davila,Female,ashley45@example.net,(021)896-7173,1922-08-25,"Surveyor, commercial/residential"
98,e5d840eE5BB6e03,Tony,Melendez,Male,riveralaura@example.net,+1-618-303-1920,1924-01-22,Environmental health practitioner
103,bA3e5C6ADeBF8E1,Roberta,Hodge,Male,kfoley@example.com,+1-997-465-0335x4485,1922-04-29,Translator
115,D4d937A95711EcE,Tonya,Blankenship,Female,summer68@example.org,001-385-949-1206x66591,1926-09-30,Insurance underwriter
120,4aE4ecaBd55f3C6,Julia,Acosta,Male,saradoyle@example.net,907-736-0570,1915-04-29,Nutritional therapist
126,1Bb45198c473530,Tim,Ponce,Female,sblair@example.net,001-183-061-5706,1923-09-04,Museum/gallery conservator
128,a2A4fd285DAD2b4,Autumn,Davis,Female,sierrabrock@example.com,(074)697-9276x0345,1929-11-25,Hydrographic surveyor
143,cF20CcFDD4E8733,Jorge,Wells,Female,pattersonlatoya@example.net,939.826.3921x144,1908-05-28,Research scientist (life sciences)
144,0c7fc0bFd703d8e,Oscar,Camacho,Female,albertstanton@example.net,853.032.2083,1910-08-23,Fashion designer
148,a9E3b490AE3B346,Joann,Fuller,Male,pstone@example.net,349.036.6379,1919-03-28,Chief Executive Officer
153,5AB091FFDe887eC,Monique,Mahoney,Female,vholmes@example.com,001-908-915-3254x88513,1915-08-11,Waste management officer
156,d5bbEF5AC75B9a5,Peggy,Odom,Male,leah97@example.com,+1-499-039-0998x2391,1929-05-25,"Teacher, music"
159,aDCb1F0eA108aa7,Denise,Hahn,Male,alexagraves@example.com,580-805-3548x8579,1915-04-05,Architectural technologist
167,aB2Ef1d3f6d6e6E,Phyllis,Sanchez,Male,ramseymaria@example.com,1196895633,1919-12-06,Translator
169,beC1BB41df95f2D,Maurice,Hodge,Female,micheal55@example.org,179-217-2547,1930-11-01,Garment/textile technologist
170,E1844addD8eEe76,Brittney,Stafford,Male,avilasarah@example.net,+1-043-555-5103x8803,1917-10-13,"Designer, textile"
177,C1e7272dFDFF2C4,Luke,Fletcher,Female,ravensimmons@example.net,(235)702-5980x885,1927-05-16,"Engineer, control and instrumentation"
181,16361CBC0DAFa00,Mckenzie,Beltran,Male,tgiles@example.com,670.842.1891,1914-12-11,"Engineer, electrical"
185,4E641fd49f55bcD,Drew,Sanchez,Male,hartelaine@example.org,904-206-6562x5727,1908-03-03,Early years teacher
191,CdCDB0F97fF999f,Tami,Compton,Male,wmacdonald@example.org,(631)637-3650,1915-05-16,"Nurse, mental health"
192,26A154Aa4318fFd,Grant,Esparza,Female,levinebianca@example.net,044.291.0252x559,1907-02-16,Historic buildings inspector/conservation officer
193,8f3015cAb55F348,Sherri,Williams,Male,smithjasmine@example.com,025-325-6554,1925-10-18,"Engineer, broadcasting (operations)"
199,75Afa67CffE0Dd9,Evan,Howe,Male,huffwyatt@example.com,614.309.7804x6157,1906-06-30,Accommodation manager
201,dEEb9bDB65Ed4fB,Stephanie,Nunez,Female,kaitlynwoodward@example.com,255.317.6663,1914-11-04,"Engineer, automotive"
203,c23aDdb939f4D7F,Sonia,Parks,Female,betty58@example.com,862-457-9311x766,1919-01-12,Manufacturing systems engineer
204,81Ff5cfd97ACBd4,Curtis,Zamora,Male,isaiah96@example.org,473-759-5577x515,1915-07-24,"Engineer, manufacturing"
221,29cb6ecF75451Cc,Danielle,Howard,Female,rodney01@example.net,232-108-8414,1920-04-08,Set designer
223,0aB79DDdEDdAe0b,Renee,Alvarado,Female,louis68@example.org,001-617-904-1011x95460,1922-03-23,Accommodation manager
227,11e509B23bA84f8,Dominic,Buchanan,Male,angelica52@example.org,079.562.5967x89842,1914-06-17,Logistics and distribution manager
228,9a8B1B4f4eEAb57,Gordon,Hess,Male,yvonne71@example.org,148-019-8226x01837,1912-09-14,Lobbyist
234,78e17EBCd8dDbc6,Leslie,Patel,Male,copelandshaun@example.net,780.016.9045x1922,1907-04-28,"Civil engineer, contracting"
236,A5bBa8B5737bF18,Deanna,Ford,Male,josephkimberly@example.com,001-757-819-4529x63002,1928-08-08,Geophysicist/field seismologist
239,CA4e2d7d6f7d6fB,Sharon,Torres,Male,gary51@example.org,0075514069,1911-09-28,Oceanographer
241,ebceFfe3e95DA36,Jean,Harmon,Female,tstafford@example.com,423-011-4943x091,1914-09-13,Geophysicist/field seismologist
253,a6BfA20EDDd4317,Meagan,Salazar,Male,mmeadows@example.com,558.587.7098,1929-07-27,Music therapist
259,cDbDF7B189fcfDb,Yolanda,Stanton,Male,cookeannette@example.net,149.501.1590x5315,1908-05-17,Banker
261,Bcde4A17Aa9D059,Taylor,Benton,Male,alvin05@example.org,+1-329-571-4597x143,1914-06-06,Clinical cytogeneticist
269,B93d9dCF40B31A8,William,Ingram,Female,pcurtis@example.com,806.073.4010,1926-01-18,Health physicist
271,06D45f32D614AAe,Krista,Booker,Male,karina40@example.com,605-274-3835,1909-07-13,Adult guidance worker
279,510EBCCeF8FABe0,Desiree,Beltran,Female,mcbridehunter@example.com,+1-044-198-1145x772,1929-08-03,Photographer
281,f42aB1cd1fc1B59,Albert,Cross,Male,vsoto@example.com,987-424-9440x903,1906-12-27,Diplomatic Services operational officer
288,bE0FB0ACceD7cD0,Stefanie,Castillo,Female,holdenanne@example.com,+1-842-718-8551,1924-04-12,Ship broker
294,DB64F2e35ab51b4,Leon,Guerrero,Male,hbright@example.net,586.034.1297,1924-02-22,Translator
305,0b91dFFFc17f5A8,Tristan,Aguirre,Male,kcarroll@example.org,2526790147,1928-09-10,Paramedic
307,362D0033BCa5D4e,Kerry,Downs,Male,johnsdawn@example.net,943-245-8254x8788,1906-09-25,"Doctor, general practice"
308,4dE9EDDe64A5A1C,Megan,Owen,Female,cpeck@example.net,386-935-3146,1921-08-18,Corporate investment banker
318,EbeBaF711EecFa4,Frederick,Villegas,Female,pamlozano@example.net,416-187-9026,1927-08-18,"Programme researcher, broadcasting/film/video"
330,810Cee3Cb9E7740,Candace,Case,Female,michael90@example.org,9243744843,1911-07-10,Operations geologist
331,CBff85B9A4A4Aa3,Valerie,Welch,Female,iortiz@example.net,001-607-800-4979x96494,1918-06-07,Brewing technologist
333,b9b02AbadcD77Ee,Phillip,Barnes,Female,ferrellamanda@example.org,203-841-2499,1917-02-23,Architect
335,dF2fC9cE842641b,Daniel,Morris,Female,gillespiebruce@example.org,916-379-5370x9984,1926-05-07,"Nurse, mental health"
337,99375ddcf9ADB4b,Kirk,Norton,Female,hahnroberto@example.org,825.175.3063x06412,1923-04-07,Broadcast presenter
349,dCA2E3af07ed79d,Darryl,Barton,Female,danielskim@example.com,0309854071,1922-12-29,Prison officer
355,2d6993bBcBBFE58,Eduardo,Rodgers,Female,christyrichards@example.net,(934)434-0536x044,1911-01-30,"Librarian, academic"
361,CBBE3b613E5EA09,Jamie,Jimenez,Female,reevesphilip@example.net,193-705-1010,1919-12-09,Social worker
372,a77Eca88d9a36C5,Brittney,Norris,Male,albert29@example.com,771-157-8817x42260,1926-12-02,Clinical embryologist
373,7feEdDc7bd8f38C,Gilbert,Lin,Female,louisgould@example.org,614.800.0257x53837,1910-09-07,Medical physicist
378,A21b0F9a2a762fe,Cameron,Gray,Male,vicki49@example.org,(997)042-7826,1930-04-10,Animal technologist
380,d49EcceD0Fe3FfB,Glenn,Graves,Female,jermainewalters@example.net,(742)983-1958x88209,1929-03-27,Visual merchandiser
382,6c2B7c0DaD5bAD3,Wyatt,Monroe,Male,btaylor@example.com,(941)198-6784x51878,1929-03-01,Records manager
391,9C340401d2E861f,Mandy,Green,Male,jesushowell@example.com,001-597-675-6361x0485,1915-09-03,Market researcher
397,a816CbCbbd4f233,Grant,Morrison,Female,edward48@example.org,603-124-4407x470,1906-12-29,Glass blower/designer
398,CEC378179933f4F,Bradley,Douglas,Male,ymunoz@example.org,838-094-8445x4980,1921-10-21,Environmental health practitioner
399,00bBcB58a9D114c,Roberto,Yu,Male,barbaragreene@example.org,284.011.6269x7372,1910-07-17,Logistics and distribution manager
407,f515A6dDdbCFD4B,Jessica,Chambers,Male,mark07@example.com,566.253.5450,1923-02-01,Field seismologist
408,A6DDea6bB9A5d18,Summer,Escobar,Male,kelseyholden@example.com,221-605-4196,1909-09-19,Dealer
410,6995ED0DBaCC148,Gabrielle,Fritz,Female,gene66@example.com,(694)789-6740x4269,1926-03-02,Clothing/textile technologist
413,AAF953ce6519B3a,Holly,Manning,Female,vmckinney@example.net,8792929924,1915-06-06,"Radiographer, therapeutic"
414,c1711ACe52AFFC8,Samantha,Barr,Female,qromero@example.net,481.940.8804x068,1920-09-01,"Programme researcher, broadcasting/film/video"
432,23fEF7f7C07FcBc,Carla,Marshall,Male,maxwell65@example.com,001-877-739-6300x3419,1917-08-23,Arts development officer
443,Ad1c6fE266De0ce,Whitney,Burke,Female,carlrosales@example.com,2979077002,1927-05-01,Media buyer
445,Fa75A5784A3dE2C,Valerie,Koch,Male,nwallace@example.net,950.637.4269,1911-03-15,Geochemist
446,aa01BBDfDbcee59,Kiara,Miranda,Female,alvarezamber@example.net,266.302.9944x37292,1920-08-26,"Designer, furniture"
451,cDCbb25aa87Af7D,Diane,Patel,Male,marco98@example.org,+1-114-251-7848,1930-02-11,Media buyer
456,8e0D0df4EDD0Bae,Megan,Roberts,Male,nathaniel50@example.net,(296)560-4606x127,1929-12-21,Artist
469,eb2A96D54cAb5c6,Elijah,Barnett,Male,hayley69@example.com,187-629-0069x666,1907-03-19,Minerals surveyor
471,9cCe4d460980cdA,Sylvia,Cisneros,Female,perezdana@example.net,(562)770-0620x070,1914-12-31,Phytotherapist
474,4ffEeea05D7b7ab,Tracey,George,Male,dorothyhaas@example.org,345-071-0901,1931-08-06,"Accountant, chartered public finance"
477,CC48BFF6057dE79,Rodney,Obrien,Female,hardinross@example.net,338-742-1755x20799,1931-10-01,Printmaker
483,F258Cc9fc813BFA,Elaine,Nichols,Male,kelsey75@example.com,(768)340-5471x37859,1920-01-31,Investment analyst
484,28eD3aB6E0f464B,Ross,Carrillo,Male,bknapp@example.net,+1-317-135-1701,1907-01-19,"Teacher, primary school"
485,aD92Df9Efe5950C,Blake,Long,Male,navila@example.net,440.831.7052,1922-02-12,Radiation protection practitioner
491,6d6C1d45B3B9507,Claudia,Leon,Male,brittney08@example.org,(679)692-7198x9109,1931-11-19,Occupational hygienist
492,DBB6059dF096fa8,Evan,Logan,Female,shermanlacey@example.net,303.083.3066,1920-01-20,"Engineer, civil (contracting)"
493,0BDeC9Ae4A14b87,Monica,Fry,Female,clarkeshaun@example.net,001-390-730-5653x49003,1911-03-21,Chiropodist
497,eC15B0388fc6A1E,Seth,Bullock,Female,joann83@example.org,027-061-5404,1920-08-15,Publishing copy
501,dFaB7Bc81Df7EFE,Melody,Clayton,Female,lynn01@example.net,+1-021-934-3005x16455,1909-12-01,"Investment banker, operational"
510,B93dCdCCA9aee5e,Rita,Jefferson,Female,ijacobson@example.com,(264)357-4205x76487,1907-04-01,Media planner
526,7fdEf92EFD9a035,Ariel,Wilkinson,Male,reynoldsstacey@example.net,001-568-522-6288x737,1921-05-23,Medical illustrator
533,22A2538bBcCBf1C,Judy,Meyers,Male,myersanita@example.org,361-858-9274x1106,1906-09-07,Technical brewer
541,7f7FFaa2d63b1a7,Janet,Mcgrath,Male,rabbott@example.org,977-255-5446,1917-09-25,Quality manager
546,660FcEEffCAbF4a,Kyle,Bruce,Male,langdustin@example.net,9455464754,1919-10-05,Mechanical engineer
549,Ad3eeD6281043bB,Jasmine,Chapman,Female,perry90@example.com,(933)464-5698x45607,1914-07-28,Education administrator
565,42069E2a97adFCb,Terri,Stout,Male,jeanne07@example.com,703.544.7090,1911-05-08,Agricultural engineer
569,bdEbae54edc2b23,Sabrina,Wilkerson,Female,aaronmonroe@example.com,(958)003-4052x152,1913-06-01,Insurance claims handler
572,b55f4a156a24024,Connor,Benitez,Female,ballardtina@example.net,+1-826-090-7747x105,1908-06-12,Physiological scientist
580,fAd50CaEC5De3a2,David,Cooper,Female,hross@example.net,+1-137-781-8287,1924-12-01,Trade mark attorney
590,67844458acb8E4f,Kaylee,Skinner,Female,gfrazier@example.org,8644645062,1918-12-04,Tourism officer
594,1EB8ac9BE8bbC8a,April,Love,Female,kluna@example.net,4807677857,1919-11-17,Early years teacher
597,220bEfDd34E26EC,Evan,Kerr,Female,clarencesimmons@example.net,127-623-1585x1524,1925-07-21,"Clinical scientist, histocompatibility and immunogenetics"
599,a93ce099dd11BB0,Jo,Beasley,Female,romananna@example.org,(018)678-2206x0567,1909-12-31,"Engineer, manufacturing systems"
603,D25eCcABfFE4C5c,Dominic,Friedman,Male,hancockpaige@example.org,222.140.6767,1908-07-26,Cartographer
605,BE2A1E276a26bA1,Kristin,Wang,Female,cristiannicholson@example.org,+1-591-330-0881x096,1923-11-22,Civil Service administrator
606,65C7BEd9cb1B8aA,Rick,Chavez,Male,katelynpowell@example.org,307-237-1729x611,1920-12-16,Armed forces training and education officer
609,E3f1FCb09027344,Lisa,Roy,Male,schroedereileen@example.com,001-843-757-8991x4644,1913-06-22,Music therapist
612,0CfCCfc4617b8fd,Howard,Sosa,Female,joshuawhitehead@example.net,574.033.2464x8931,1929-01-06,"Engineer, maintenance (IT)"
616,35b3eD70Ba7bfF9,Rickey,Sims,Female,yolanda29@example.net,405-736-1929x0513,1914-12-11,Event organiser
619,936CC4d80a9960F,Charlene,Abbott,Female,morganoscar@example.net,381.196.5445x1259,1929-05-22,Barrister's clerk
636,FbB1eCd50d46bbf,Lorraine,Miles,Male,wiseroberta@example.com,001-254-029-8422x633,1925-09-28,Advertising account executive
640,FFB77320B39ea0E,Christy,Martin,Male,cassandrafrazier@example.com,737.858.9707x96904,1928-05-27,Furniture designer
649,8FB6bFbdf6d5AFD,Diamond,Huber,Female,kathleenlivingston@example.net,240.542.9508,1917-08-27,Secondary school teacher
650,EcF5c3AAa4aBB82,Bryan,Oconnell,Male,rebecca49@example.org,(624)931-9690x37093,1931-01-27,"Engineer, maintenance (IT)"
654,77F47E08CfbCa65,Darren,Hamilton,Female,kaylee41@example.com,+1-286-378-9964x78084,1930-05-22,Mental health nurse
656,5b8EC2B3CE232Dc,Christina,Barnett,Female,spencerdean@example.net,961.827.9503,1923-12-04,Firefighter
657,A93DD75a1B1aC2a,Tabitha,Beltran,Female,morsebernard@example.net,595.653.8428,1915-11-30,"Engineer, communications"
663,7f988e027112551,Tracy,Yang,Female,daringonzales@example.com,345-714-8209x42069,1914-12-10,Company secretary
664,0dF8df0E0e1Cf4B,Hayley,Hess,Female,tranpatty@example.org,001-206-916-4788,1917-02-02,"Exhibitions officer, museum/gallery"
671,F593F1abdecC4bc,Shari,Gillespie,Female,terrenceware@example.net,+1-433-681-7720x437,1927-02-08,Sports development officer
672,79fBAFAdA0Cc4c3,Caitlyn,Webb,Male,jhancock@example.com,(291)707-9579x2558,1930-05-26,Fine artist
675,6F140eDaa8EaBfF,Bianca,Merritt,Male,danawatts@example.com,889-865-0121,1911-08-06,Architectural technologist
686,dBF044bC70d8afd,Kendra,Bird,Female,yhubbard@example.com,+1-747-531-3558x936,1915-02-09,Civil Service administrator
689,FF2F15A0c3e6Df6,Betty,Quinn,Female,cherylhuang@example.org,(261)395-6954,1910-06-04,Applications developer
691,caEcaEe8b14Cfae,Emily,Molina,Male,xrusso@example.net,+1-469-192-3212x9080,1922-11-15,Personnel officer
692,C7e5E19673db661,Kristine,Dyer,Female,autumn44@example.org,(444)884-1054,1919-09-11,"Engineer, civil (contracting)"
694,1D2cA9eDfc7aAAC,Drew,Beck,Male,evelyn76@example.org,+1-787-518-8961x01222,1927-03-24,Heritage manager
706,5E0A3C8fe14c45e,Patrick,Landry,Female,garciaeduardo@example.net,369-852-5458x093,1913-02-26,Dramatherapist
716,C54D6636EBAAD95,Ronnie,Hurley,Male,cathycalhoun@example.com,+1-126-628-2160x7655,1915-04-13,"Teacher, English as a foreign language"
719,fAe6254d1E37D0d,Cassie,Price,Female,barbarakrause@example.org,985.118.4184x45627,1924-05-05,Furniture designer
725,D25CCce21EFbe7F,Johnny,Daugherty,Male,valdezdana@example.org,1322562407,1931-06-19,"Therapist, drama"
728,d2fFe97a32647f6,Reginald,Roach,Female,parsonsrussell@example.org,+1-565-673-5509x055,1915-04-19,Restaurant manager
729,f2659f09BB9d186,Kimberly,Kirby,Male,xcabrera@example.com,001-772-704-4112,1921-02-04,Senior tax professional/tax inspector
732,bF6e50d8Ca9f8F9,Jo,Kidd,Female,sherrybenton@example.org,+1-231-981-7467,1906-09-04,"Engineer, maintenance (IT)"
738,BBa02EC792cfFf3,Heidi,Avila,Female,willisannette@example.org,5209615749,1925-11-10,Industrial/product designer
746,e80Fa1FFD1Eb46A,Jerome,Dougherty,Male,fernandomason@example.net,695-903-9909x6258,1909-09-06,Clinical biochemist
750,f18c18ab8Ab27Fc,Reginald,Howard,Male,lindseyleblanc@example.com,001-944-928-2350x1413,1921-08-20,Astronomer
751,43A1757E8DbA223,Chad,Manning,Male,lhuffman@example.org,+1-119-052-8161x077,1929-04-23,Contractor
757,cCbd920BE02ee0F,Wayne,Guzman,Male,suzannemaxwell@example.org,001-433-809-2376x5082,1924-08-20,Social worker
761,eABE50FeE6c751b,Jason,Downs,Female,lhooper@example.org,(953)294-7560x96973,1916-05-27,Mudlogger
766,faCaD334e8Eef84,Pam,Jennings,Male,alisha35@example.com,(756)056-8238x253,1912-10-20,Paediatric nurse
771,dC121D6cCe812fa,Sheena,Crawford,Female,miranda19@example.org,570-822-0078x900,1907-05-18,Ceramics designer
775,5CAbD9dF096Aa13,Katrina,Woods,Female,haileydurham@example.org,001-588-469-9770x4897,1923-08-29,"Surveyor, building control"
787,FFdAE44a6E3A64C,Christine,Payne,Male,ihouse@example.org,+1-656-627-9739x10338,1913-06-13,Art gallery manager
788,27eeC47948DFD15,Barbara,Ramirez,Female,kiddmakayla@example.com,956-042-9355x04371,1919-02-06,Ambulance person
794,Da915B5ed8D97d4,Calvin,Thomas,Male,munozglenda@example.com,807-969-6087x54319,1909-06-06,"Conservation officer, historic buildings"
796,5150EF9E1cfceb2,Caitlyn,Bass,Male,xjohns@example.com,+1-842-242-5690x30077,1910-09-02,Dietitian
798,7b8cD5a408faDB0,Lydia,Cisneros,Male,phillipspence@example.net,778-379-1284x893,1922-12-23,"Editor, film/video"
799,a1169FdfbB173E8,Debra,Knight,Female,hhayden@example.net,661-621-6341x47106,1924-08-22,Actuary
804,c96f6E281e57197,Gilbert,Wilcox,Female,elynch@example.com,009-993-1736x5806,1911-01-18,Historic buildings inspector/conservation officer
805,18941F347C6EFd2,Frances,Gilbert,Female,stacey22@example.com,906.240.9278,1928-06-26,"Journalist, newspaper"
808,acF9EcCcB6aa19F,Jenna,Atkins,Female,janicerodriguez@example.com,+1-416-626-8025x601,1927-12-20,Broadcast presenter
811,d9cdb1B50b11E0a,Grace,Underwood,Female,tiffanymaxwell@example.net,229-769-5865,1928-09-27,Electronics engineer
813,d0Fd08CEbA41c09,Rebekah,Koch,Female,livingstonrandy@example.com,754-427-9326,1929-08-10,Television production assistant
817,71F739A38d5D85A,Patricia,Lane,Female,wolfeshelby@example.org,(344)179-0208x5245,1916-11-11,"Education officer, environmental"
822,D8A160cFf6B758C,Paula,Daniels,Male,baileybarron@example.net,9035524996,1915-10-04,Engineering geologist
823,ca405D00cbffbB0,Steve,Peck,Male,nicole39@example.org,726-123-5829,1909-02-11,Physiotherapist
824,031EEefB0f3f0C0,Franklin,Conley,Female,carlos21@example.org,373-629-5692x404,1914-01-12,"Engineer, broadcasting (operations)"
838,c03baDebc04ba3D,Mark,Donovan,Female,lorraineellison@example.org,001-711-429-9158x6035,1914-03-26,Race relations officer
848,d599aCa3193b446,Javier,Camacho,Male,shannonthompson@example.com,9906067193,1914-09-11,"Scientist, biomedical"
849,Ccba2A606527545,Shelley,Barajas,Female,pateldennis@example.org,(821)711-5848,1925-01-27,Licensed conveyancer
857,3f66552DA64B9AC,Holly,Cisneros,Female,brandyward@example.com,001-673-249-3523x21337,1919-04-09,English as a second language teacher
859,f45723A3eab55fb,Kaylee,Meyers,Female,cameron76@example.com,(684)253-6679x4634,1918-07-30,Acupuncturist
866,9637A7c8840FbdD,Angela,Novak,Female,briana22@example.org,+1-482-625-9392,1929-05-26,Proofreader
871,D7A4cDC318400a9,Savannah,Marsh,Female,wesleycontreras@example.com,+1-356-433-2853x10497,1909-08-01,Social researcher
873,89D9ED9f397ccdF,Jasmine,Mcdaniel,Female,rita98@example.net,+1-727-361-0487,1928-08-05,Cytogeneticist
876,aF7fB3051A6f821,Natalie,Owens,Male,suzannebradshaw@example.net,949-408-3117x9847,1912-11-07,Professor Emeritus
880,cC7cc25dDF9Bc7c,Cody,Stafford,Female,cfitzgerald@example.net,(145)206-5183x120,1907-03-18,Systems analyst
887,5E6Db13AF3bddfD,Haley,Pineda,Male,roberta60@example.com,001-240-941-6518x58690,1927-08-02,Graphic designer
890,4835cD2367aaa0c,Malik,Tate,Male,pedro07@example.org,454.215.0191,1910-07-08,Therapeutic radiographer
892,9Eb756Bd5F867Ee,Malik,Bruce,Female,gortega@example.com,001-665-942-5937x733,1925-07-26,Animator
893,d0a4Fd80e3e6cc7,Tonya,Barrett,Male,cameronsandoval@example.net,664.355.3612x031,1929-11-22,Soil scientist
900,15fDd48A41eCcd0,Cristina,Arroyo,Female,patrickgriffin@example.org,345-586-2372,1908-09-14,Actuary
902,830EfF83609B48C,Alyssa,Robles,Female,mendezbrenda@example.com,939-220-4965x592,1924-01-10,Chief Operating Officer
905,9DDa9FF9FdBfC66,Francisco,Fox,Female,iflynn@example.org,+1-781-671-5355x6321,1909-01-06,"Editor, film/video"
906,b83e0c3c1B1dE27,Martha,Lin,Female,caitlynjoseph@example.net,593.328.5077x117,1927-09-08,Academic librarian
914,89D52456EC4eECE,Yolanda,Wagner,Male,curtis23@example.org,045.558.9873,1931-08-18,Health physicist
915,a1Bec1eAd03bCAf,Christina,Walters,Female,gamblebeth@example.org,711-330-8727x8347,1917-02-11,Commissioning editor
921,fa1c3AABF9d6d5E,Joanne,Silva,Female,dukestefanie@example.com,990-151-2491x459,1915-09-04,Marine scientist
929,9224fea6EB73BF1,Shari,Glenn,Female,chapmanchristie@example.org,5261513548,1927-07-28,Phytotherapist
930,467Fc9EA1Aae0AD,Stephen,Callahan,Male,tony86@example.com,+1-337-073-4506x5250,1917-03-07,Energy engineer
931,2BAe5D357b1213b,Geoffrey,Booth,Male,rick35@example.org,102.021.4178,1921-02-01,Associate Professor
933,2e1ac4F7600ceA5,Mariah,Finley,Male,sergiobishop@example.org,(340)028-1312,1927-11-20,"Conservation officer, nature"
934,b12d138244da69c,Angelica,Frazier,Female,ycervantes@example.net,150.057.0236x586,1930-01-02,"Engineer, maintenance"
949,614f7BFDFD0eb8a,Heather,Holder,Male,gregorygamble@example.com,+1-987-838-3151x752,1928-06-20,"Scientist, research (physical sciences)"
956,eA75Ff58254E608,Travis,Krause,Female,beverlyvelasquez@example.org,(915)767-8729x2329,1911-03-18,"Development worker, community"
960,e7C83084cdE54Ce,Joan,Kelly,Female,kelsey66@example.net,001-400-180-8962x830,1929-08-30,Office manager
967,584e53eea9f8111,Sherry,Holloway,Male,mclark@example.net,(065)884-2220,1913-11-18,Environmental manager
969,dd2Ca5BbccCFEC5,Noah,Lloyd,Male,nvaughn@example.com,001-085-594-2403x244,1931-07-20,Travel agency manager
970,38128d28998a9b8,Vernon,Daugherty,Male,sergio60@example.com,+1-394-301-4367x02144,1929-11-18,Financial adviser
974,5cAC295A6a4ACB0,Damon,Petersen,Male,tabitha49@example.com,957-423-3354x81042,1931-01-09,Health visitor
986,bA8b297CbcAcdB6,Susan,Clark,Female,fgallagher@example.com,001-406-691-1535,1914-04-22,Orthoptist
989,00ED5d507b542D1,Gavin,Banks,Female,dalton42@example.com,001-010-399-4628x822,1930-01-19,Dentist
991,CBfaec1d322EBEe,Lydia,Obrien,Male,wlove@example.net,001-076-332-8351x0833,1925-09-18,Systems analyst
998,2adde51d8B8979E,Cathy,Mckinney,Female,georgechan@example.org,+1-750-774-4128x33265,1918-05-13,Commercial/residential surveyor
